epoch,time,train/box_loss,train/cls_loss,train/dfl_loss,metrics/precision(B),metrics/recall(B),metrics/mAP50(B),metrics/mAP50-95(B),val/box_loss,val/cls_loss,val/dfl_loss,lr/pg0,lr/pg1,lr/pg2
1,1.53849,4.5604,4.88313,3.19993,0,0,0,0,3.97001,4.9156,2.85266,0,0,0
2,2.97861,4.78599,4.93143,3.29367,0,0,0,0,3.97001,4.9156,2.85266,0.0003,0.0003,0.0003
3,4.36066,4.26789,4.87321,3.14536,0,0,0,0,3.97001,4.9156,2.85266,0.000594001,0.000594001,0.000594001
4,5.80777,4.59152,4.9184,3.30375,0,0,0,0,3.97001,4.9156,2.85266,0.000882003,0.000882003,0.000882003
5,7.28347,4.71018,4.90592,3.17172,0,0,0,0,3.97001,4.9156,2.85266,0.000873004,0.000873004,0.000873004
6,8.73428,4.67479,5.02888,3.25126,0,0,0,0,3.97001,4.9156,2.85266,0.000864004,0.000864004,0.000864004
7,10.2618,4.3903,4.98256,3.03629,0,0,0,0,3.77419,4.72154,2.72253,0.000855005,0.000855005,0.000855005
8,11.6294,3.17942,4.42161,2.32241,0,0,0,0,3.77419,4.72154,2.72253,0.000846006,0.000846006,0.000846006
9,13.0052,3.17087,4.42093,2.30514,0,0,0,0,3.77419,4.72154,2.72253,0.000837007,0.000837007,0.000837007
10,14.4762,3.15299,4.51334,2.30564,0,0,0,0,3.77419,4.72154,2.72253,0.000828008,0.000828008,0.000828008
11,15.8176,3.05894,4.48159,2.44703,0,0,0,0,3.77419,4.72154,2.72253,0.000819009,0.000819009,0.000819009
12,17.2883,3.2445,4.56042,2.46788,0,0,0,0,3.77419,4.72154,2.72253,0.00081001,0.00081001,0.00081001
13,18.7344,3.12171,4.40097,2.34411,0.00112,0.07143,0.01414,0.00141,3.72527,4.48867,2.69584,0.000801011,0.000801011,0.000801011
14,20.1725,2.84398,3.93452,2.03184,0.00112,0.07143,0.01414,0.00141,3.72527,4.48867,2.69584,0.000792012,0.000792012,0.000792012
15,21.5359,2.58536,3.81526,1.98369,0.00112,0.07143,0.01414,0.00141,3.72527,4.48867,2.69584,0.000783013,0.000783013,0.000783013
16,22.885,2.65954,4.10168,2.06406,0.00112,0.07143,0.01414,0.00141,3.72527,4.48867,2.69584,0.000774013,0.000774013,0.000774013
17,24.3746,2.83678,4.01806,2.05803,0.00112,0.07143,0.01414,0.00141,3.72527,4.48867,2.69584,0.000765014,0.000765014,0.000765014
18,25.8541,2.64804,3.88901,2.01826,0.00112,0.07143,0.01414,0.00141,3.72527,4.48867,2.69584,0.000756015,0.000756015,0.000756015
19,27.3211,2.70633,3.86967,1.98661,0.00287,0.14286,0.03672,0.00367,2.76795,4.25213,2.04283,0.000747016,0.000747016,0.000747016
20,28.6518,2.54377,3.68342,1.91437,0.00287,0.14286,0.03672,0.00367,2.76795,4.25213,2.04283,0.000738017,0.000738017,0.000738017
21,30.0507,2.49683,3.48077,1.91403,0.00287,0.14286,0.03672,0.00367,2.76795,4.25213,2.04283,0.000729018,0.000729018,0.000729018
22,31.4315,2.61481,3.87687,1.91338,0.00287,0.14286,0.03672,0.00367,2.76795,4.25213,2.04283,0.000720019,0.000720019,0.000720019
23,32.8481,2.87032,3.53525,2.04968,0.00287,0.14286,0.03672,0.00367,2.76795,4.25213,2.04283,0.00071102,0.00071102,0.00071102
24,34.2561,2.7799,3.47278,1.80232,0.00287,0.14286,0.03672,0.00367,2.76795,4.25213,2.04283,0.000702021,0.000702021,0.000702021
25,35.699,2.47755,3.69349,1.89735,0.00438,0.14286,0.07205,0.01428,2.60728,4.27941,1.96473,0.000693022,0.000693022,0.000693022
26,37.0472,2.53523,3.12287,1.81434,0.00438,0.14286,0.07205,0.01428,2.60728,4.27941,1.96473,0.000684022,0.000684022,0.000684022
27,38.482,2.44762,3.11188,1.79036,0.00438,0.14286,0.07205,0.01428,2.60728,4.27941,1.96473,0.000675023,0.000675023,0.000675023
28,39.8879,2.39675,3.06982,1.73637,0.00438,0.14286,0.07205,0.01428,2.60728,4.27941,1.96473,0.000666024,0.000666024,0.000666024
29,41.3378,2.28194,2.97464,1.68886,0.00438,0.14286,0.07205,0.01428,2.60728,4.27941,1.96473,0.000657025,0.000657025,0.000657025
30,42.6892,2.29776,3.03562,1.74578,0.00438,0.14286,0.07205,0.01428,2.60728,4.27941,1.96473,0.000648026,0.000648026,0.000648026
31,44.0675,2.31677,3.40445,1.8428,0.00414,0.14286,0.14214,0.02836,2.49823,4.23023,1.90409,0.000639027,0.000639027,0.000639027
32,45.3739,2.0968,2.74017,1.67693,0.00414,0.14286,0.14214,0.02836,2.49823,4.23023,1.90409,0.000630028,0.000630028,0.000630028
33,46.7043,2.32004,2.8464,1.67147,0.00414,0.14286,0.14214,0.02836,2.49823,4.23023,1.90409,0.000621029,0.000621029,0.000621029
34,48.0507,2.46734,2.95942,1.61968,0.00414,0.14286,0.14214,0.02836,2.49823,4.23023,1.90409,0.00061203,0.00061203,0.00061203
35,49.5069,2.19751,2.80617,1.70537,0.00414,0.14286,0.14214,0.02836,2.49823,4.23023,1.90409,0.000603031,0.000603031,0.000603031
36,50.8262,2.12852,3.08799,1.7028,0.00414,0.14286,0.14214,0.02836,2.49823,4.23023,1.90409,0.000594031,0.000594031,0.000594031
37,52.2234,2.24962,2.92644,1.66037,0.00344,0.14286,0.14214,0.03088,2.19081,4.01863,1.82394,0.000585032,0.000585032,0.000585032
38,53.5951,1.99832,2.58901,1.71106,0.00344,0.14286,0.14214,0.03088,2.19081,4.01863,1.82394,0.000576033,0.000576033,0.000576033
39,54.9678,2.14918,2.58919,1.67067,0.00344,0.14286,0.14214,0.03088,2.19081,4.01863,1.82394,0.000567034,0.000567034,0.000567034
40,56.3132,1.85549,2.82539,1.60711,0.00344,0.14286,0.14214,0.03088,2.19081,4.01863,1.82394,0.000558035,0.000558035,0.000558035
41,57.7643,2.00515,2.63251,1.63234,0.00344,0.14286,0.14214,0.03088,2.19081,4.01863,1.82394,0.000549036,0.000549036,0.000549036
42,59.1682,1.97227,2.62549,1.67988,0.00344,0.14286,0.14214,0.03088,2.19081,4.01863,1.82394,0.000540037,0.000540037,0.000540037
43,60.5452,2.11543,2.51994,1.62989,0.00272,0.14286,0.14214,0.04284,2.04733,3.81764,1.82163,0.000531038,0.000531038,0.000531038
44,61.8743,1.86513,2.26395,1.52969,0.00272,0.14286,0.14214,0.04284,2.04733,3.81764,1.82163,0.000522039,0.000522039,0.000522039
45,63.2158,1.76636,2.2289,1.58006,0.00272,0.14286,0.14214,0.04284,2.04733,3.81764,1.82163,0.00051304,0.00051304,0.00051304
46,64.5704,2.19223,2.36427,1.60561,0.00272,0.14286,0.14214,0.04284,2.04733,3.81764,1.82163,0.00050404,0.00050404,0.00050404
47,65.9578,1.87211,2.65703,1.56687,0.00272,0.14286,0.14214,0.04284,2.04733,3.81764,1.82163,0.000495041,0.000495041,0.000495041
48,67.3106,1.84922,2.43036,1.70981,0.00272,0.14286,0.14214,0.04284,2.04733,3.81764,1.82163,0.000486042,0.000486042,0.000486042
49,68.7117,1.94235,2.39177,1.64143,0.01445,0.57143,0.45494,0.21554,1.9165,3.60605,1.75052,0.000477043,0.000477043,0.000477043
50,70.0666,1.80568,2.05783,1.53011,0.01445,0.57143,0.45494,0.21554,1.9165,3.60605,1.75052,0.000468044,0.000468044,0.000468044
51,71.3759,1.87972,2.24385,1.58378,0.01445,0.57143,0.45494,0.21554,1.9165,3.60605,1.75052,0.000459045,0.000459045,0.000459045
52,72.6902,1.81451,2.10374,1.51672,0.01445,0.57143,0.45494,0.21554,1.9165,3.60605,1.75052,0.000450046,0.000450046,0.000450046
53,74.0833,1.8161,2.15735,1.59391,0.01445,0.57143,0.45494,0.21554,1.9165,3.60605,1.75052,0.000441047,0.000441047,0.000441047
54,75.4983,1.82888,2.38542,1.50046,0.01445,0.57143,0.45494,0.21554,1.9165,3.60605,1.75052,0.000432048,0.000432048,0.000432048
55,76.8855,1.79898,2.60801,1.67779,0.02081,0.78571,0.52091,0.24481,1.87649,3.32581,1.81299,0.000423049,0.000423049,0.000423049
56,78.2585,1.62539,1.94899,1.44444,0.02081,0.78571,0.52091,0.24481,1.87649,3.32581,1.81299,0.000414049,0.000414049,0.000414049
57,79.5872,1.50871,2.16147,1.42104,0.02081,0.78571,0.52091,0.24481,1.87649,3.32581,1.81299,0.00040505,0.00040505,0.00040505
58,80.9514,1.61517,2.1709,1.4657,0.02081,0.78571,0.52091,0.24481,1.87649,3.32581,1.81299,0.000396051,0.000396051,0.000396051
59,82.3847,1.86166,2.01085,1.51582,0.02081,0.78571,0.52091,0.24481,1.87649,3.32581,1.81299,0.000387052,0.000387052,0.000387052
60,83.927,1.84117,1.88822,1.48535,0.02081,0.78571,0.52091,0.24481,1.87649,3.32581,1.81299,0.000378053,0.000378053,0.000378053
61,85.3487,1.81529,1.98545,1.60916,0.02379,0.85714,0.7581,0.28912,1.93718,3.07492,1.80032,0.000369054,0.000369054,0.000369054
62,86.7,2.06062,2.07965,1.46858,0.02379,0.85714,0.7581,0.28912,1.93718,3.07492,1.80032,0.000360055,0.000360055,0.000360055
63,88.0629,1.57217,1.81642,1.44707,0.02379,0.85714,0.7581,0.28912,1.93718,3.07492,1.80032,0.000351056,0.000351056,0.000351056
64,89.4097,1.83325,1.96144,1.49486,0.02379,0.85714,0.7581,0.28912,1.93718,3.07492,1.80032,0.000342057,0.000342057,0.000342057
65,90.7708,1.68782,1.95763,1.45646,0.02379,0.85714,0.7581,0.28912,1.93718,3.07492,1.80032,0.000333058,0.000333058,0.000333058
66,92.2615,1.71709,1.97944,1.45159,0.02379,0.85714,0.7581,0.28912,1.93718,3.07492,1.80032,0.000324058,0.000324058,0.000324058
67,93.9017,1.72887,1.88902,1.42749,0.0228,0.85714,0.78143,0.33007,2.01776,2.84398,1.82595,0.000315059,0.000315059,0.000315059
68,95.338,1.79418,2.04189,1.51711,0.0228,0.85714,0.78143,0.33007,2.01776,2.84398,1.82595,0.00030606,0.00030606,0.00030606
69,96.7806,1.74147,1.95798,1.47287,0.0228,0.85714,0.78143,0.33007,2.01776,2.84398,1.82595,0.000297061,0.000297061,0.000297061
70,98.1246,1.89495,1.81013,1.50245,0.0228,0.85714,0.78143,0.33007,2.01776,2.84398,1.82595,0.000288062,0.000288062,0.000288062
71,99.4343,1.72802,1.8482,1.48775,0.0228,0.85714,0.78143,0.33007,2.01776,2.84398,1.82595,0.000279063,0.000279063,0.000279063
72,100.842,1.63802,1.99699,1.49088,0.0228,0.85714,0.78143,0.33007,2.01776,2.84398,1.82595,0.000270064,0.000270064,0.000270064
73,102.273,1.65589,1.78532,1.46379,0.02325,0.85714,0.78619,0.33424,2.00142,2.70657,1.8553,0.000261065,0.000261065,0.000261065
74,103.676,1.38866,1.70369,1.34838,0.02325,0.85714,0.78619,0.33424,2.00142,2.70657,1.8553,0.000252066,0.000252066,0.000252066
75,105.029,1.68108,1.69865,1.43456,0.02325,0.85714,0.78619,0.33424,2.00142,2.70657,1.8553,0.000243067,0.000243067,0.000243067
76,106.373,1.67395,1.87501,1.47367,0.02325,0.85714,0.78619,0.33424,2.00142,2.70657,1.8553,0.000234068,0.000234068,0.000234068
77,107.713,1.63892,1.91804,1.4661,0.02325,0.85714,0.78619,0.33424,2.00142,2.70657,1.8553,0.000225068,0.000225068,0.000225068
78,109.119,1.6641,1.80327,1.42203,0.02325,0.85714,0.78619,0.33424,2.00142,2.70657,1.8553,0.000216069,0.000216069,0.000216069
79,110.755,1.75713,1.75792,1.38502,0.85227,0.62521,0.82833,0.35485,1.90711,2.57713,1.84493,0.00020707,0.00020707,0.00020707
80,112.156,1.61514,1.92705,1.46311,0.85227,0.62521,0.82833,0.35485,1.90711,2.57713,1.84493,0.000198071,0.000198071,0.000198071
81,113.507,1.43151,1.63486,1.37959,0.85227,0.62521,0.82833,0.35485,1.90711,2.57713,1.84493,0.000189072,0.000189072,0.000189072
82,114.865,1.60713,1.7153,1.43511,0.85227,0.62521,0.82833,0.35485,1.90711,2.57713,1.84493,0.000180073,0.000180073,0.000180073
83,116.254,1.42311,1.71175,1.37343,0.85227,0.62521,0.82833,0.35485,1.90711,2.57713,1.84493,0.000171074,0.000171074,0.000171074
84,117.684,1.56685,1.82609,1.3742,0.85227,0.62521,0.82833,0.35485,1.90711,2.57713,1.84493,0.000162075,0.000162075,0.000162075
85,119.319,1.5224,1.58508,1.32118,0.92089,0.46286,0.71837,0.3465,1.8415,2.44802,1.84446,0.000153076,0.000153076,0.000153076
86,120.685,1.56179,1.57494,1.42616,0.92089,0.46286,0.71837,0.3465,1.8415,2.44802,1.84446,0.000144077,0.000144077,0.000144077
87,122.035,1.65036,1.6535,1.41996,0.92089,0.46286,0.71837,0.3465,1.8415,2.44802,1.84446,0.000135077,0.000135077,0.000135077
88,123.373,1.61515,1.87991,1.42542,0.92089,0.46286,0.71837,0.3465,1.8415,2.44802,1.84446,0.000126078,0.000126078,0.000126078
89,124.692,1.59498,1.84789,1.48065,0.92089,0.46286,0.71837,0.3465,1.8415,2.44802,1.84446,0.000117079,0.000117079,0.000117079
90,126.035,1.4577,2.01738,1.47349,0.92089,0.46286,0.71837,0.3465,1.8415,2.44802,1.84446,0.00010808,0.00010808,0.00010808
91,127.48,1.34605,1.69702,1.42247,0.82355,0.5448,0.72552,0.35932,1.81436,2.30676,1.83762,9.9081e-05,9.9081e-05,9.9081e-05
92,128.887,1.58042,1.9395,1.36869,0.82355,0.5448,0.72552,0.35932,1.81436,2.30676,1.83762,9.00819e-05,9.00819e-05,9.00819e-05
93,130.27,1.48997,1.82263,1.4264,0.82355,0.5448,0.72552,0.35932,1.81436,2.30676,1.83762,8.10828e-05,8.10828e-05,8.10828e-05
94,131.61,1.46295,1.86059,1.45128,0.82355,0.5448,0.72552,0.35932,1.81436,2.30676,1.83762,7.20837e-05,7.20837e-05,7.20837e-05
95,132.981,1.59951,2.03135,1.44814,0.82355,0.5448,0.72552,0.35932,1.81436,2.30676,1.83762,6.30846e-05,6.30846e-05,6.30846e-05
96,134.428,1.62536,2,1.48523,0.82355,0.5448,0.72552,0.35932,1.81436,2.30676,1.83762,5.40855e-05,5.40855e-05,5.40855e-05
97,135.966,1.65271,1.95145,1.4195,0.79627,0.5535,0.75834,0.36619,1.81241,2.15547,1.8495,4.50864e-05,4.50864e-05,4.50864e-05
98,137.558,1.375,1.8428,1.33261,0.79627,0.5535,0.75834,0.36619,1.81241,2.15547,1.8495,3.60873e-05,3.60873e-05,3.60873e-05
99,138.907,1.70062,2.05954,1.51194,0.79627,0.5535,0.75834,0.36619,1.81241,2.15547,1.8495,2.70882e-05,2.70882e-05,2.70882e-05
100,140.2,1.31574,1.58119,1.3972,0.79627,0.5535,0.75834,0.36619,1.81241,2.15547,1.8495,1.80891e-05,1.80891e-05,1.80891e-05
